{"loss": [0.042032141238451004, 0.013889499008655548, 0.012473629787564278, 0.011910039000213146, 0.009817424230277538, 0.008853775449097157, 0.007986154407262802, 0.007107733283191919], "val_loss": [0.009623275138437748, 0.009621992707252502, 0.00962202437222004, 0.009621861390769482, 0.009622466750442982, 0.009623002260923386, 0.009623922407627106, 0.009624678641557693], "lr": [0.0010000000474974513, 0.0010000000474974513, 0.0010000000474974513, 0.0010000000474974513, 0.0010000000474974513, 0.0010000000474974513, 0.0010000000474974513, 0.0010000000474974513]}