{"loss": [0.0152526730671525, 0.009331072680652142, 0.00863382127135992, 0.008180172182619572, 0.00785114523023367, 0.007278676610440016, 0.0065137301571667194, 0.005649881437420845, 0.004784533753991127, 0.003899655072018504, 0.0030403616838157177, 0.0023108934983611107, 0.0018660384230315685, 0.0015022590523585677, 0.0013098535127937794, 0.0011832418385893106], "val_loss": [0.009619476273655891, 0.009622974321246147, 0.009622728452086449, 0.009626515209674835, 0.009619368240237236, 0.009619046002626419, 0.009551185183227062, 0.00951681099832058, 0.009363031946122646, 0.009062377735972404, 0.009023904800415039, 0.008760563097894192, 0.008881377056241035, 0.009187141433358192, 0.008694027550518513, 0.009009123779833317], "lr": [0.0010000000474974513, 0.0010000000474974513, 0.0010000000474974513, 0.0010000000474974513, 0.0010000000474974513, 0.0010000000474974513, 0.0010000000474974513, 0.0010000000474974513, 0.0010000000474974513, 0.0010000000474974513, 0.0010000000474974513, 0.0010000000474974513, 0.0010000000474974513, 0.0010000000474974513, 0.0010000000474974513, 0.0010000000474974513]}