{"loss": [0.015163573436439037, 0.009625299833714962, 0.008713764138519764, 0.008364075794816017, 0.007937912829220295, 0.007288888096809387, 0.006824534386396408, 0.006132565438747406, 0.005538499914109707, 0.0048118275590240955, 0.003935846034437418, 0.0031186018604785204, 0.0024301165249198675, 0.0019181871321052313, 0.001584202516824007, 0.0012845828896388412], "val_loss": [0.00962438341230154, 0.009625652804970741, 0.009628689847886562, 0.009628516621887684, 0.009631471708416939, 0.009650248102843761, 0.009690986014902592, 0.009876832365989685, 0.009369800798594952, 0.009412226267158985, 0.00915455725044012, 0.00983728189021349, 0.009127648547291756, 0.00935431383550167, 0.00877421349287033, 0.00951233971863985], "lr": [0.0010000000474974513, 0.0010000000474974513, 0.0010000000474974513, 0.0010000000474974513, 0.0010000000474974513, 0.0010000000474974513, 0.0010000000474974513, 0.0010000000474974513, 0.0010000000474974513, 0.0010000000474974513, 0.0010000000474974513, 0.0010000000474974513, 0.0010000000474974513, 0.0010000000474974513, 0.0010000000474974513, 0.0010000000474974513]}