{"loss": [0.04180770739912987, 0.013661788776516914, 0.011112422682344913, 0.009339150972664356, 0.008471643552184105, 0.007260478567332029, 0.006237065885215998, 0.005142774432897568], "val_loss": [0.00962007138878107, 0.0096186064183712, 0.00961863063275814, 0.009619148448109627, 0.00962031539529562, 0.009622002951800823, 0.009622445330023766, 0.009623917751014233], "lr": [0.0010000000474974513, 0.0010000000474974513, 0.0010000000474974513, 0.0010000000474974513, 0.0010000000474974513, 0.0010000000474974513, 0.0010000000474974513, 0.0010000000474974513]}