{"loss": [0.008814143016934395, 0.006698576267808676, 0.00629524327814579, 0.006021540146321058, 0.005796582438051701, 0.0055723730474710464, 0.005355567671358585, 0.0051071252673864365, 0.0048523894511163235, 0.004572629928588867, 0.0042335051111876965, 0.003883098252117634, 0.0034913336858153343, 0.0031317693646997213, 0.002777149435132742, 0.0024716409388929605, 0.0022197344806045294, 0.002014616271480918, 0.001863230369053781, 0.0017434152541682124], "val_loss": [0.008773019537329674, 0.00815183948725462, 0.0071184877306222916, 0.006658367346972227, 0.00667794793844223, 0.005883954465389252, 0.005732550751417875, 0.005203372333198786, 0.004805068019777536, 0.004418384283781052, 0.004217909649014473, 0.003607487305998802, 0.003282624064013362, 0.0029634523671120405, 0.002686456311494112, 0.002568907104432583, 0.0020633286330848932, 0.0019470318220555782, 0.00204523210413754, 0.0016621138202026486], "lr": [0.0010000000474974513, 0.0010000000474974513, 0.0010000000474974513, 0.0010000000474974513, 0.0010000000474974513, 0.0010000000474974513, 0.0010000000474974513, 0.0010000000474974513, 0.0010000000474974513, 0.0010000000474974513, 0.0010000000474974513, 0.0010000000474974513, 0.0010000000474974513, 0.0010000000474974513, 0.0010000000474974513, 0.0010000000474974513, 0.0010000000474974513, 0.0010000000474974513, 0.0010000000474974513, 0.0010000000474974513]}