{"loss": [0.00902129802852869, 0.006726120598614216, 0.006305447779595852, 0.006039341911673546, 0.005825723055750132, 0.005601824726909399, 0.005393936298787594, 0.005154775455594063, 0.0049180565401911736, 0.004650686401873827, 0.0043266769498586655, 0.0039753662422299385, 0.0036133925896137953, 0.003205871907994151, 0.002868304029107094, 0.0025427560321986675, 0.002288528485223651, 0.0020896338392049074, 0.0019276790553703904, 0.0017807327676564455], "val_loss": [0.008495887741446495, 0.009208787232637405, 0.007914037443697453, 0.006160824093967676, 0.006242936477065086, 0.005642471835017204, 0.006094728130847216, 0.00519667798653245, 0.004955887328833342, 0.004391892813146114, 0.0040436070412397385, 0.0038470281288027763, 0.003501431317999959, 0.0029553903732448816, 0.0027551844250410795, 0.0025293731596320868, 0.0022248541936278343, 0.0018785978900268674, 0.0019500061171129346, 0.0017084544524550438], "lr": [0.0010000000474974513, 0.0010000000474974513, 0.0010000000474974513, 0.0010000000474974513, 0.0010000000474974513, 0.0010000000474974513, 0.0010000000474974513, 0.0010000000474974513, 0.0010000000474974513, 0.0010000000474974513, 0.0010000000474974513, 0.0010000000474974513, 0.0010000000474974513, 0.0010000000474974513, 0.0010000000474974513, 0.0010000000474974513, 0.0010000000474974513, 0.0010000000474974513, 0.0010000000474974513, 0.0010000000474974513]}