{"loss": [1.2702957391738892, 1.259310007095337, 1.2591161727905273, 1.2591044902801514, 1.259175419807434, 1.2592206001281738, 1.2591683864593506, 1.2591054439544678, 1.259278655052185, 1.2590701580047607, 1.2590538263320923, 1.2590852975845337, 1.2591168880462646, 1.2591891288757324, 1.259061574935913, 1.2591698169708252, 1.259064793586731, 1.2590891122817993, 1.2590781450271606, 1.2589998245239258, 1.2590309381484985, 1.2589848041534424, 1.2590752840042114, 1.2589986324310303, 1.2589399814605713, 1.258955478668213, 1.2589062452316284, 1.25888192653656, 1.258877158164978, 1.2588690519332886, 1.2588671445846558, 1.2588523626327515, 1.25883150100708, 1.258867621421814, 1.2588454484939575, 1.2588022947311401, 1.2588067054748535, 1.2587823867797852, 1.2587871551513672, 1.2587660551071167, 1.2587699890136719, 1.25874924659729, 1.2587661743164062, 1.258790373802185, 1.2587250471115112, 1.25877845287323, 1.2587302923202515, 1.25862717628479, 1.2586557865142822, 1.2586791515350342], "val_loss": [1.2598857879638672, 1.2596133947372437, 1.2597050666809082, 1.2598029375076294, 1.2638558149337769, 1.2597538232803345, 1.2595874071121216, 1.2595961093902588, 1.259820580482483, 1.2597638368606567, 1.259727120399475, 1.2596995830535889, 1.259745478630066, 1.259797215461731, 1.2596338987350464, 1.259745717048645, 1.259699821472168, 1.2596701383590698, 1.259607195854187, 1.2595089673995972, 1.259250521659851, 1.2591992616653442, 1.2594077587127686, 1.259395956993103, 1.260539174079895, 1.2595094442367554, 1.2590453624725342, 1.2592681646347046, 1.2591898441314697, 1.2590452432632446, 1.2591718435287476, 1.2591034173965454, 1.2590135335922241, 1.2590231895446777, 1.259117841720581, 1.2587922811508179, 1.258918285369873, 1.2589137554168701, 1.2591129541397095, 1.2586749792099, 1.2588826417922974, 1.258946418762207, 1.2589207887649536, 1.2590864896774292, 1.2588390111923218, 1.2589308023452759, 1.2586991786956787, 1.2591677904129028, 1.2590633630752563, 1.258811593055725], "lr": [0.0010000000474974513, 0.0010000000474974513, 0.0010000000474974513, 0.0010000000474974513, 0.0010000000474974513, 0.0010000000474974513, 0.0010000000474974513, 0.0010000000474974513, 0.0010000000474974513, 0.0010000000474974513, 0.0010000000474974513, 0.0010000000474974513, 0.0010000000474974513, 0.0010000000474974513, 0.0010000000474974513, 0.0010000000474974513, 0.0010000000474974513, 0.0010000000474974513, 0.0010000000474974513, 0.0010000000474974513, 0.0010000000474974513, 0.0010000000474974513, 0.0010000000474974513, 0.0010000000474974513, 0.0010000000474974513, 0.0010000000474974513, 0.0010000000474974513, 0.0010000000474974513, 0.0010000000474974513, 0.0010000000474974513, 0.0010000000474974513, 0.0010000000474974513, 0.0010000000474974513, 0.0010000000474974513, 0.0010000000474974513, 0.0010000000474974513, 0.0010000000474974513, 0.0010000000474974513, 0.0010000000474974513, 0.0010000000474974513, 0.0010000000474974513, 0.0010000000474974513, 0.0010000000474974513, 0.0010000000474974513, 0.0010000000474974513, 0.0010000000474974513, 0.0010000000474974513, 0.0010000000474974513, 0.0010000000474974513, 0.0010000000474974513]}