{"loss": [1.2791327238082886, 1.2600998878479004, 1.2587416172027588, 1.2585090398788452, 1.2584420442581177, 1.2584385871887207, 1.2584593296051025, 1.2585400342941284, 1.2584375143051147, 1.2585408687591553, 1.2583681344985962, 1.2584702968597412, 1.258408546447754, 1.258495807647705, 1.258443832397461, 1.2582793235778809, 1.258544683456421, 1.2583063840866089, 1.2583553791046143, 1.2582200765609741, 1.2582693099975586, 1.2582284212112427, 1.2579947710037231, 1.2578922510147095, 1.2579586505889893, 1.257758617401123, 1.2576043605804443, 1.2573102712631226, 1.2573262453079224, 1.2571645975112915, 1.256919026374817, 1.2565574645996094, 1.2564034461975098, 1.2562469244003296, 1.2557846307754517, 1.2552928924560547, 1.255199670791626, 1.2541923522949219, 1.253606915473938, 1.2526936531066895, 1.251517415046692, 1.2499879598617554, 1.2483851909637451, 1.2463551759719849, 1.2438147068023682, 1.2403817176818848, 1.23685884475708, 1.2317979335784912, 1.226182460784912, 1.2180311679840088], "val_loss": [1.2597849369049072, 1.2600162029266357, 1.2600046396255493, 1.2600387334823608, 1.259900689125061, 1.262746810913086, 1.2600308656692505, 1.2601391077041626, 1.2598154544830322, 1.2603269815444946, 1.260059118270874, 1.259985327720642, 1.2600187063217163, 1.259998083114624, 1.2600549459457397, 1.260010004043579, 1.2600581645965576, 1.2600228786468506, 1.2605928182601929, 1.2602185010910034, 1.260352611541748, 1.2600889205932617, 1.2598390579223633, 1.2602545022964478, 1.2603342533111572, 1.2658905982971191, 1.260567307472229, 1.2612881660461426, 1.2605817317962646, 1.2611809968948364, 1.2606672048568726, 1.2609885931015015, 1.2609890699386597, 1.2616422176361084, 1.2622482776641846, 1.2627347707748413, 1.2641334533691406, 1.262375831604004, 1.263840913772583, 1.2633428573608398, 1.2673332691192627, 1.266174077987671, 1.2671247720718384, 1.2706562280654907, 1.2695170640945435, 1.2715483903884888, 1.2755612134933472, 1.2829967737197876, 1.2826588153839111, 1.2928764820098877], "lr": [0.0010000000474974513, 0.0010000000474974513, 0.0010000000474974513, 0.0010000000474974513, 0.0010000000474974513, 0.0010000000474974513, 0.0010000000474974513, 0.0010000000474974513, 0.0010000000474974513, 0.0010000000474974513, 0.0010000000474974513, 0.0010000000474974513, 0.0010000000474974513, 0.0010000000474974513, 0.0010000000474974513, 0.0010000000474974513, 0.0010000000474974513, 0.0010000000474974513, 0.0010000000474974513, 0.0010000000474974513, 0.0010000000474974513, 0.0010000000474974513, 0.0010000000474974513, 0.0010000000474974513, 0.0010000000474974513, 0.0010000000474974513, 0.0010000000474974513, 0.0010000000474974513, 0.0010000000474974513, 0.0010000000474974513, 0.0010000000474974513, 0.0010000000474974513, 0.0010000000474974513, 0.0010000000474974513, 0.0010000000474974513, 0.0010000000474974513, 0.0010000000474974513, 0.0010000000474974513, 0.0010000000474974513, 0.0010000000474974513, 0.0010000000474974513, 0.0010000000474974513, 0.0010000000474974513, 0.0010000000474974513, 0.0010000000474974513, 0.0010000000474974513, 0.0010000000474974513, 0.0010000000474974513, 0.0010000000474974513, 0.0010000000474974513]}