{"loss": [1.3563486337661743, 1.334321141242981, 1.3290526866912842, 1.3272860050201416, 1.33515465259552, 1.2646734714508057, 1.2591766119003296, 1.2591074705123901, 1.259026288986206, 1.2591625452041626, 1.2591338157653809, 1.259087324142456, 1.2591454982757568, 1.2591396570205688, 1.2592251300811768, 1.2591420412063599, 1.2590479850769043, 1.2590826749801636, 1.2592284679412842, 1.2591400146484375, 1.2590347528457642, 1.258985161781311, 1.258962869644165, 1.2590280771255493, 1.2589582204818726, 1.2590540647506714, 1.2590054273605347, 1.2589668035507202, 1.2588982582092285, 1.2588543891906738, 1.2588237524032593, 1.2588001489639282, 1.258790373802185, 1.2588235139846802, 1.2587224245071411, 1.2587145566940308, 1.2586849927902222, 1.2585746049880981, 1.258715033531189, 1.25858736038208, 1.2584885358810425, 1.258471131324768, 1.2584357261657715, 1.2583576440811157, 1.2583516836166382, 1.258326530456543, 1.2581934928894043, 1.258224606513977, 1.2581489086151123, 1.2580678462982178], "val_loss": [2.1955325603485107, 1.2950111627578735, 1.2695766687393188, 1.3036601543426514, 1.3096641302108765, 1.272363305091858, 1.2723138332366943, 1.2723034620285034, 1.2686430215835571, 1.2760127782821655, 1.2768445014953613, 1.27450692653656, 1.2845791578292847, 1.2628551721572876, 1.266915202140808, 1.2607448101043701, 1.2595244646072388, 1.259783148765564, 1.2610719203948975, 1.2608813047409058, 1.2595725059509277, 1.2597543001174927, 1.2595231533050537, 1.2595609426498413, 1.2613661289215088, 1.2600882053375244, 1.25997793674469, 1.2597278356552124, 1.2595127820968628, 1.2597098350524902, 1.2592990398406982, 1.259263515472412, 1.2596149444580078, 1.2592806816101074, 1.259281873703003, 1.2592707872390747, 1.2591547966003418, 1.2601171731948853, 1.265709400177002, 1.2596962451934814, 1.2591484785079956, 1.25888192653656, 1.2589349746704102, 1.2588460445404053, 1.2591346502304077, 1.258894443511963, 1.2586077451705933, 1.2590928077697754, 1.258840560913086, 1.260147213935852], "lr": [0.0010000000474974513, 0.0010000000474974513, 0.0010000000474974513, 0.0010000000474974513, 0.0010000000474974513, 0.0010000000474974513, 0.0010000000474974513, 0.0010000000474974513, 0.0010000000474974513, 0.0010000000474974513, 0.0010000000474974513, 0.0010000000474974513, 0.0010000000474974513, 0.0010000000474974513, 0.0010000000474974513, 0.0010000000474974513, 0.0010000000474974513, 0.0010000000474974513, 0.0010000000474974513, 0.0010000000474974513, 0.0010000000474974513, 0.0010000000474974513, 0.0010000000474974513, 0.0010000000474974513, 0.0010000000474974513, 0.0010000000474974513, 0.0010000000474974513, 0.0010000000474974513, 0.0010000000474974513, 0.0010000000474974513, 0.0010000000474974513, 0.0010000000474974513, 0.0010000000474974513, 0.0010000000474974513, 0.0010000000474974513, 0.0010000000474974513, 0.0010000000474974513, 0.0010000000474974513, 0.0010000000474974513, 0.0010000000474974513, 0.0010000000474974513, 0.0010000000474974513, 0.0010000000474974513, 0.0010000000474974513, 0.0010000000474974513, 0.0010000000474974513, 0.0010000000474974513, 0.0010000000474974513, 0.0010000000474974513, 0.0010000000474974513]}